timestamp,title,price,original_price,shipping,item_url,discount_percentage
2025-11-01T17:52:38,Apple Watch Series 10 46mm GPS + WiFi + Cellular Unlocked Aluminum - Excellent,284.79,599.99,"Free 2-4 day delivery Get it between Tue, Nov 4 and Thu, Nov 6 to 94112.  Located in: Inglewood, California, United States",https://www.ebay.com/itm/316169970498?_trkparms=5373%3A5000006400%7C5374%3ATech%7C5079%3A5000006400,52.53
2025-11-01T17:52:38,Apple iPhone 15 Pro A2848 256GB Unlocked - Very Good Condition,536.99,1199.99,"Free 2-4 day delivery Get it between Tue, Nov 4 and Thu, Nov 6 to 94112.  Located in: Addison, Texas, United States",https://www.ebay.com/itm/356227813818?_trkparms=5373%3A5000006400%7C5374%3ATech%7C5079%3A5000006400,55.25
2025-11-01T17:52:38,"Acer Portable Monitor 15.6"" Full HD IPS 1920x1080 60Hz 5ms 300Nit Good Condition",38.63,139.99,Shipping info unavailable,https://www.ebay.com/itm/256905415945?_trkparms=5373%3A5000006400%7C5374%3ATech%7C5079%3A5000006400,72.41
2025-11-01T17:52:38,Apple iPhone 14 Pro Max 128GB Network Unlocked Very Good Condition,458.99,899.99,Shipping info unavailable,https://www.ebay.com/itm/355094939620?_trkparms=5373%3A5000006400%7C5374%3ATech%7C5079%3A5000006400,49.0
2025-11-01T17:52:38,Samsung Galaxy S20 FE 5G SM-G781V Unlocked 128GB Cloud Navy Good,103.99,499.99,"Free 2-4 day delivery Get it between Tue, Nov 4 and Thu, Nov 6 to 94112.  Located in: Clive, Iowa, United States",https://www.ebay.com/itm/196518596102?_trkparms=5373%3A5000006400%7C5374%3ATech%7C5079%3A5000006400,79.2
2025-11-01T17:52:38,"Acer 15.6i"" Portable Monitor FullHD 1920x1080 IPS 5ms 60Hz Very Good Condition",40.47,139.99,Shipping info unavailable,https://www.ebay.com/itm/267229717756?_trkparms=5373%3A5000006400%7C5374%3ATech%7C5079%3A5000006400,71.09
2025-11-01T17:52:38,"Acer 31.5"" Nitro Curved Monitor LED WQHD 144Hz 1 ms 2560x1440 XZ322QU V3bmiiphx",121.43,249.99,Shipping info unavailable,https://www.ebay.com/itm/256547414823?_trkparms=5373%3A5000006400%7C5374%3ATech%7C5079%3A5000006400,51.43
2025-11-01T17:52:38,Apple iPhone 16 Pro 128GB Unlocked Very Good Condition,664.99,1399.99,Shipping info unavailable,https://www.ebay.com/itm/356605660694?_trkparms=5373%3A5000006400%7C5374%3ATech%7C5079%3A5000006400,52.5
2025-11-01T17:52:38,Apple iPhone 15 Pro Max A2849 256GB Unlocked Very Good,614.99,1299.99,"Free 2-4 day delivery Get it between Tue, Nov 4 and Thu, Nov 6 to 94112.  Located in: Addison, Texas, United States",https://www.ebay.com/itm/356227859677?_trkparms=5373%3A5000006400%7C5374%3ATech%7C5079%3A5000006400,52.69
2025-11-01T17:52:38,Apple MacBook Pro 2024 - M4 Pro 14CPU/20GPU 24GB 16.2in - 512GB SSD - Excellent,1699.0,3199.0,Shipping info unavailable,https://www.ebay.com/itm/167797496394?_trkparms=5373%3A5000006400%7C5374%3ATech%7C5079%3A5000006400,46.89
2025-11-01T17:52:38,"Lenovo Legion 5 15.1"" OLED WQXGA 165HZ RTX 5060 AMD Ryzen 7 260 Gaming Laptop",999.99,1399.99,Shipping info unavailable,https://www.ebay.com/itm/127210724599?_trkparms=5373%3A5000006400%7C5374%3ATech%7C5079%3A5000006400,28.57
2025-11-01T17:52:38,"Acer 15.6"" Portable Monitor FHD 1920x1080 60Hz Black PM161Q Very Good Condition",37.71,99.99,Shipping info unavailable,https://www.ebay.com/itm/277333168153?_trkparms=5373%3A5000006400%7C5374%3ATech%7C5079%3A5000006400,62.29
2025-11-01T17:52:38,Apple iPhone 16 Plus 128GB Unlocked Very Good Condition,602.99,1399.99,Shipping info unavailable,https://www.ebay.com/itm/356605671415?_trkparms=5373%3A5000006400%7C5374%3ATech%7C5079%3A5000006400,56.93
2025-11-01T17:52:38,Samsung Galaxy S23 Ultra 512GB S918U Unlocked - Excellent,441.99,1379.99,Shipping info unavailable,https://www.ebay.com/itm/256482045980?_trkparms=5373%3A5000006400%7C5374%3ATech%7C5079%3A5000006400,67.97
2025-11-01T17:52:38,Samsung Galaxy S24 Ultra 512GB S928U Unlocked - Excellent,627.99,1419.99,Shipping info unavailable,https://www.ebay.com/itm/256754180033?_trkparms=5373%3A5000006400%7C5374%3ATech%7C5079%3A5000006400,55.78
2025-11-01T17:52:38,Apple iPhone 16e 128GB Unlocked Excellent Condition,376.99,1199.99,"Free 2-4 day delivery Get it between Tue, Nov 4 and Thu, Nov 6 to 94112.  Located in: Addison, Texas, United States",https://www.ebay.com/itm/357518005199?_trkparms=5373%3A5000006400%7C5374%3ATech%7C5079%3A5000006400,68.58
2025-11-01T17:52:38,Apple iPhone 15 Pro Max A2849 256GB Unlocked Excellent Condition,676.99,1299.99,Shipping info unavailable,https://www.ebay.com/itm/356895100574?_trkparms=5373%3A5000006400%7C5374%3ATech%7C5079%3A5000006400,47.92
2025-11-01T17:52:38,Samsung Galaxy S21 5G 128GB G991U Unlocked - Good,125.99,799.99,Shipping info unavailable,https://www.ebay.com/itm/254987231741?_trkparms=5373%3A5000006400%7C5374%3ATech%7C5079%3A5000006400,84.25
2025-11-01T17:52:38,Samsung Galaxy S21 Ultra 5G 128GB G998U Unlocked - Good,213.99,1199.99,Shipping info unavailable,https://www.ebay.com/itm/255883394766?_trkparms=5373%3A5000006400%7C5374%3ATech%7C5079%3A5000006400,82.17
2025-11-01T17:52:38,Apple iPhone 14 Pro 256GB Network Unlocked Excellent Condition,436.99,849.99,Shipping info unavailable,https://www.ebay.com/itm/355896525148?_trkparms=5373%3A5000006400%7C5374%3ATech%7C5079%3A5000006400,48.59
2025-11-01T17:52:38,Apple iPad 7th Generation (2019) - WiFi Only 32GB - Good,92.0,199.0,Shipping info unavailable,https://www.ebay.com/itm/134018475345?_trkparms=5373%3A5000006400%7C5374%3ATech%7C5079%3A5000006400,53.77
2025-11-01T17:52:38,Apple iPhone 16 Pro Max 256GB Unlocked Excellent Condition,895.99,1699.99,Shipping info unavailable,https://www.ebay.com/itm/356605681295?_trkparms=5373%3A5000006400%7C5374%3ATech%7C5079%3A5000006400,47.29
2025-11-01T17:52:38,Skullcandy-SMOKIN' BUDS XT-PINK (Certified Refurbished),10.99,24.99,Shipping info unavailable,https://www.ebay.com/itm/267148898074?_trkparms=5373%3A5000006400%7C5374%3ATech%7C5079%3A5000006400,56.02
2025-11-01T17:52:38,Skullcandy Smokin' Buds XT -Flame (Certified Refurbished),10.99,24.99,Shipping info unavailable,https://www.ebay.com/itm/375979516739?_trkparms=5373%3A5000006400%7C5374%3ATech%7C5079%3A5000006400,56.02
2025-11-01T17:52:38,"Apple iPhone 13 Pro Max 128GB Unlocked 6.7"" - (Graphite) A2484 w/1 Year Warranty",394.0,1099.0,Shipping info unavailable,https://www.ebay.com/itm/357503814234?_trkparms=5373%3A5000006400%7C5374%3ATech%7C5079%3A5000006400,64.15
2025-11-01T17:52:38,"Acer 15.6"" Portable Monitor Full HD 1920x1080 60Hz Black PM161Q Good Condition",35.87,99.99,Shipping info unavailable,https://www.ebay.com/itm/277333186162?_trkparms=5373%3A5000006400%7C5374%3ATech%7C5079%3A5000006400,64.13
2025-11-01T17:52:38,"Apple iPad 9th Gen 10.2"" - 64GB - Wifi Only - Very Good",166.0,329.0,Shipping info unavailable,https://www.ebay.com/itm/166318925460?_trkparms=5373%3A5000006400%7C5374%3ATech%7C5079%3A5000006400,49.54
2025-11-01T17:52:38,"1 Year Warranty Dell P29T001 11.6"" Chromebook Celeron 1.1GHz/4GB/32GB (Black)",37.2,240.0,Shipping info unavailable,https://www.ebay.com/itm/145586233629?_trkparms=5373%3A5000006400%7C5374%3ATech%7C5079%3A5000006400,84.5
2025-11-01T17:52:38,Apple iPhone 13 A2482 128GB Network Unlocked Very Good Condition,272.99,599.99,Shipping info unavailable,https://www.ebay.com/itm/354393355064?_trkparms=5373%3A5000006400%7C5374%3ATech%7C5079%3A5000006400,54.5
2025-11-01T17:52:38,Skullcandy SESH ANC Wireless In-ear Bluetooth Earbuds (Certified Refurb)-BLACK,15.99,69.99,Shipping info unavailable,https://www.ebay.com/itm/265983500898?_trkparms=5373%3A5000006400%7C5374%3ATech%7C5079%3A5000006400,77.15
2025-11-01T17:52:38,Skullcandy Smokin' Buds XT- Black (CERTIFIED REFURBISHED),10.99,24.99,"Free 2-4 day delivery Get it between Tue, Nov 4 and Thu, Nov 6 to 94112.  Located in: San Diego, California, United States",https://www.ebay.com/itm/266646620402?_trkparms=5373%3A5000006400%7C5374%3ATech%7C5079%3A5000006400,56.02
2025-11-01T17:52:38,"Bose QuietComfort Ultra Noise Cancelling Earbuds, Certified Refurbished",159.0,249.0,Shipping info unavailable,https://www.ebay.com/itm/186465664855?_trkparms=5373%3A5000006400%7C5374%3ATech%7C5079%3A5000006400,36.14
2025-11-01T17:52:38,JBL PartyBox Stage 320 Illuminated LED Wireless Bluetooth Speaker - Black,375.99,599.99,Shipping info unavailable,https://www.ebay.com/itm/157359929835?_trkparms=5373%3A5000006400%7C5374%3ATech%7C5079%3A5000006400,37.33
2025-11-01T17:52:38,"HP Omen 16"" WQXGA IPS 240Hz RTX 5070 Ultra 9 285H Gaming Laptop 16GB RAM 1TB SSD",1399.99,1849.99,Shipping info unavailable,https://www.ebay.com/itm/297474804193?_trkparms=5373%3A5000006400%7C5374%3ATech%7C5079%3A5000006400,24.32
2025-11-01T17:52:38,Samsung Galaxy S24 128GB S921U Unlocked - Excellent,325.99,799.99,Shipping info unavailable,https://www.ebay.com/itm/256496745168?_trkparms=5373%3A5000006400%7C5374%3ATech%7C5079%3A5000006400,59.25
2025-11-01T17:52:38,"15.6"" Lenovo ThinkPad Laptop: Intel i5! 16GB RAM! 256GB SSD! Zorin Core Edition!",147.95,247.95,"Free Standard Shipping.  Located in: Walton, Kentucky, United States",https://www.ebay.com/itm/116511649267?_trkparms=5373%3A5000006400%7C5374%3ATech%7C5079%3A5000006400,40.33
2025-11-01T17:52:38,Walkers Silencer BT 2.0 Rechargeable Electronic Earbuds OD Green,53.99,129.99,Shipping info unavailable,https://www.ebay.com/itm/286379732687?_trkparms=5373%3A5000006400%7C5374%3ATech%7C5079%3A5000006400,58.47
2025-11-01T17:52:38,Apple iPhone 14 Pro A2650 (Fully Unlocked) 128GB Deep Purple (Excellent),405.99,1099.0,Shipping info unavailable,https://www.ebay.com/itm/286883274280?_trkparms=5373%3A5000006400%7C5374%3ATech%7C5079%3A5000006423,63.06
2025-11-01T17:52:38,Apple iPhone 13 A2482 128GB - Fully Unlocked- Black & Blue - Very Good Condition,265.0,265.0,"Free UPS Ground.  Located in: Lisle, Illinois, United States",https://www.ebay.com/itm/127083143769?_trkparms=5373%3A5000006400%7C5374%3ATech%7C5079%3A5000006423,0.0
2025-11-01T17:52:38,Samsung Galaxy S25+ PLUS SM-S936U1 256GB 512GB FACTORY UNLOCKED,599.0,599.0,"Free USPS Ground Advantage®.  Located in: Dallas, Texas, United States",https://www.ebay.com/itm/127100653669?_trkparms=5373%3A5000006400%7C5374%3ATech%7C5079%3A5000006423,0.0
2025-11-01T17:52:38,Apple iPhone 14 Pro Silver 256GB Good - Refurbished - Unlocked,454.99,454.99,"Free 2-3 day delivery Get it between Tue, Nov 4 and Wed, Nov 5 to 94112.  Located in: Fort Worth, Texas, United States",https://www.ebay.com/itm/127244140439?_trkparms=5373%3A5000006400%7C5374%3ATech%7C5079%3A5000006423,0.0
2025-11-01T17:52:38,"Acer Nitro V 15.6"" Gaming Laptop NVIDIA RTX 4060 Core i9 - Certified Refurbished",919.99,1049.99,Shipping info unavailable,https://www.ebay.com/itm/267229769086?_trkparms=5373%3A5000006400%7C5374%3ATech%7C5079%3A5000006407,12.38
2025-11-01T17:52:38,"Apple MacBook Pro 16"" 2023 M3 Pro 512GB 18GB RAM Space Black - Very Good",1294.99,1294.99,Shipping info unavailable,https://www.ebay.com/itm/157138988493?_trkparms=5373%3A5000006400%7C5374%3ATech%7C5079%3A5000006407,0.0
2025-11-01T17:52:38,"Apple MacBook Pro 16"" 2023 M3 Pro All Colors Storage RAM - Very Good",1294.99,1294.99,Shipping info unavailable,https://www.ebay.com/itm/157242142098?_trkparms=5373%3A5000006400%7C5374%3ATech%7C5079%3A5000006407,0.0
2025-11-01T17:52:38,"Apple MacBook Pro 16"" 2023 M3 Max Silver Black 32GB 48GB RAM 1TB 2TB SSD - Good",2322.99,2322.99,Shipping info unavailable,https://www.ebay.com/itm/167745573294?_trkparms=5373%3A5000006400%7C5374%3ATech%7C5079%3A5000006407,0.0
2025-11-01T17:52:38,XGIMI MoGo 2 Pro 1080P Portable Projector Mini Projector with 400 ISO Lumens,219.0,219.0,"Free 2-4 day delivery Get it between Tue, Nov 4 and Thu, Nov 6 to 94112.  Located in: Garden Grove, California, United States",https://www.ebay.com/itm/317172582509?_trkparms=5373%3A5000006400%7C5374%3ATech%7C5079%3A5000006409,0.0
2025-11-01T17:52:38,XGIMI MoGo 2 Pro 1080P Portable Projector Mini Projector with 400 ISO Lumens,234.99,234.99,"Free 2-4 day delivery Get it between Tue, Nov 4 and Thu, Nov 6 to 94112.  Located in: Garden Grove, California, United States",https://www.ebay.com/itm/314792480218?_trkparms=5373%3A5000006400%7C5374%3ATech%7C5079%3A5000006409,0.0
2025-11-01T17:52:38,"XGIMI MoGo 3 Pro 1080P Portable Projector, Google TV with Licensed Netflix",349.0,349.0,"Free 2-4 day delivery Get it between Tue, Nov 4 and Thu, Nov 6 to 94112.  Located in: Garden Grove, California, United States",https://www.ebay.com/itm/316115270330?_trkparms=5373%3A5000006400%7C5374%3ATech%7C5079%3A5000006409,0.0
2025-11-01T17:52:38,"Westinghouse 32"" 720P HD Smart Roku TV WR32HT2212",84.0,169.99,Shipping info unavailable,https://www.ebay.com/itm/235022919530?_trkparms=5373%3A5000006400%7C5374%3ATech%7C5079%3A5000006409,50.59
2025-11-01T17:52:38,SVBONY MK127 Telescope Maksutov-Cassegrain 127mm for Planetary Observation,479.99,533.32,Shipping info unavailable,https://www.ebay.com/itm/197423012127?_trkparms=5373%3A5000006400%7C5374%3ATech%7C5079%3A5000006430,10.0
2025-11-01T17:52:38,"SVBONY SV241 Pro Astronomical Telescope Power HUB USB Control, Astrophotography",169.99,242.84,Shipping info unavailable,https://www.ebay.com/itm/177370794681?_trkparms=5373%3A5000006400%7C5374%3ATech%7C5079%3A5000006430,30.0
2025-11-01T17:52:38,DJI FPV Combo - Certified Refurbished,719.1,1299.0,Shipping info unavailable,https://www.ebay.com/itm/305259444032?_trkparms=5373%3A5000006400%7C5374%3ATech%7C5079%3A5000006430,44.64
2025-11-01T17:52:38,DJI Mavic 3 Pro with DJI RC Triple-Camera Certified Refurbished,2339.1,2339.1,"Free UPS Ground.  Located in: New York, New York, United States",https://www.ebay.com/itm/306028198306?_trkparms=5373%3A5000006400%7C5374%3ATech%7C5079%3A5000006430,0.0
2025-11-01T17:52:38,NEW Nintendo Switch Lite Handheld Console PICK COLOR + 12Month Membership Online,196.95,199.99,Shipping info unavailable,https://www.ebay.com/itm/195336793691?_trkparms=5373%3A5000006400%7C5374%3ATech%7C5079%3A5000006401,1.52
2025-11-01T17:52:38,"Logitech - PRO X 2 LIGHTSPEED Wireless Gaming Headset for PC, PS5, PS4,",119.99,279.99,Shipping info unavailable,https://www.ebay.com/itm/167017920229?_trkparms=5373%3A5000006400%7C5374%3ATech%7C5079%3A5000006401,57.14
2025-11-01T17:52:38,"Microsoft Xbox Wireless Controller For Xbox Series X / S, Xbox One & Windows PC",43.49,70.0,"Free USPS Ground Advantage®.  Located in: Naperville, Illinois, United States",https://www.ebay.com/itm/275287871839?_trkparms=5373%3A5000006400%7C5374%3ATech%7C5079%3A5000006401,37.87
2025-11-01T17:52:38,Pokemon Shining Pearl - Nintendo Switch,39.99,59.99,"Free 2-4 day delivery Get it between Tue, Nov 4 and Thu, Nov 6 to 94112.  Located in: Brea, California, United States",https://www.ebay.com/itm/406288206525?_trkparms=5373%3A5000006400%7C5374%3ATech%7C5079%3A5000006401,33.34
2025-11-01T17:52:38,Apple iPad Pro 13-inch 7th gen M4 Chip 512GB WiFi - Black or Silver - Good,919.86,1699.85,Shipping info unavailable,https://www.ebay.com/itm/187028223989?_trkparms=5373%3A5000006400%7C5374%3ATech%7C5079%3A5000006415,45.89
2025-11-01T17:52:38,"Apple iPad Air 10.9"" 4th Gen, 64GB, Wi-Fi - VERY GOOD - 1 YEAR WARRANTY",229.86,659.85,Shipping info unavailable,https://www.ebay.com/itm/175242586112?_trkparms=5373%3A5000006400%7C5374%3ATech%7C5079%3A5000006415,65.16
2025-11-01T17:52:38,"Apple iPad Air 10.9"" 4th Gen, 64GB, Wi-Fi + 4G - Very Good - 1 YEAR WARRANTY",248.26,689.85,Shipping info unavailable,https://www.ebay.com/itm/175245221135?_trkparms=5373%3A5000006400%7C5374%3ATech%7C5079%3A5000006415,64.01
2025-11-01T17:52:38,"Apple iPad Air 10.9"" 4th Gen 2020, 64GB, Wi-Fi - GOOD - 1 YEAR WARRANTY",220.66,649.85,Shipping info unavailable,https://www.ebay.com/itm/203915852886?_trkparms=5373%3A5000006400%7C5374%3ATech%7C5079%3A5000006415,66.04
2025-11-01T17:52:38,Sony WF-1000XM5 Truly Wireless Bluetooth Noise Canceling Headphones - Black,139.99,299.99,Shipping info unavailable,https://www.ebay.com/itm/276015021037?_trkparms=5373%3A5000006400%7C5374%3ATech%7C5079%3A5000006419,53.34
2025-11-01T17:52:38,Skullcandy Push Active True Wireless Earbuds-Black/Orange(Certified Refurbished),30.99,79.99,Shipping info unavailable,https://www.ebay.com/itm/265551837873?_trkparms=5373%3A5000006400%7C5374%3ATech%7C5079%3A5000006419,61.26
2025-11-01T17:52:38,Apple AirPods 2nd Gen Genuine Replacement Right or Left or Charging Case,15.49,15.49,"Free USPS First Class®.  Located in: Glenshaw, Pennsylvania, United States",https://www.ebay.com/itm/115878536964?_trkparms=5373%3A5000006400%7C5374%3ATech%7C5079%3A5000006419,0.0
2025-11-01T17:52:38,Apple AirPods 3rd Gen Genuine Replacement Right or Left or Charging Case,34.49,34.49,"Free USPS Ground Advantage®.  Located in: Mundelein, Illinois, United States",https://www.ebay.com/itm/126693283302?_trkparms=5373%3A5000006400%7C5374%3ATech%7C5079%3A5000006419,0.0
2025-11-01T17:52:38,Netac 1TB 2TB 512GB Internal SSD 2.5'' SATA III 6Gb/s Solid State Drive lot,13.99,13.99,"Free USPS Ground Advantage®.  Located in: Hebron, Kentucky, United States",https://www.ebay.com/itm/314555594439?_trkparms=5373%3A5000006400%7C5374%3ATech%7C5079%3A5000006421,0.0
2025-11-01T17:52:38,WD 28TB My Book Duo Desktop RAID Hard Drive HDD - WDBFBE0280JBK-NESN,699.99,789.99,Shipping info unavailable,https://www.ebay.com/itm/296118852230?_trkparms=5373%3A5000006400%7C5374%3ATech%7C5079%3A5000006421,11.39
2025-11-01T17:52:38,WD 20TB WD Gold Enterprise Class SATA HDD Internal Hard Drive HDD - WD202KRYZ,379.99,419.99,Shipping info unavailable,https://www.ebay.com/itm/297401321463?_trkparms=5373%3A5000006400%7C5374%3ATech%7C5079%3A5000006421,9.52
2025-11-01T17:52:38,Western Digital 22TB WD My Book External Hard Drive HDD - WDBBGB0220HBK-NESN,399.99,469.99,Shipping info unavailable,https://www.ebay.com/itm/296118852180?_trkparms=5373%3A5000006400%7C5374%3ATech%7C5079%3A5000006421,14.89
2025-11-01T17:52:38,Bose QuietComfort 45 QC45 Noise Cancelling Wireless Bluetooth Headphone - Black,159.0,159.0,"Free USPS First Class®.  Located in: Perth Amboy, New Jersey, United States",https://www.ebay.com/itm/376266545408?_trkparms=5373%3A5000006400%7C5374%3ATech%7C5079%3A5000006403,0.0
2025-11-01T17:52:38,Apple AirPods 2nd Gen Genuine Replacement Right or Left or Charging Case,15.49,15.49,"Free USPS First Class®.  Located in: Glenshaw, Pennsylvania, United States",https://www.ebay.com/itm/115878536964?_trkparms=5373%3A5000006400%7C5374%3ATech%7C5079%3A5000006403,0.0
2025-11-01T17:52:38,Apple 1st Gen AirPods Pro Genuine Replacement Right or Left or Charging Case,37.99,37.99,"Free 2-4 day delivery Get it between Tue, Nov 4 and Thu, Nov 6 to 94112.  Located in: Portland, Oregon, United States",https://www.ebay.com/itm/133684947904?_trkparms=5373%3A5000006400%7C5374%3ATech%7C5079%3A5000006403,0.0
2025-11-01T17:52:38,"Apple AirPods Pro 2nd Gen - Left, Right, or Case - Models 2699/2698/2700 GRADE B",25.99,25.99,"Free USPS Ground Advantage®.  Located in: Villa Park, Illinois, United States",https://www.ebay.com/itm/375618346806?_trkparms=5373%3A5000006400%7C5374%3ATech%7C5079%3A5000006403,0.0
2025-11-01T17:52:38,"DNP 4x6"" Print Pack for DS-40 Dye Sub Printer, 800 Glossy Prints",126.0,126.0,"Free 2-4 day delivery Get it between Tue, Nov 4 and Thu, Nov 6 to 94112.  Located in: Chattanooga, Tennessee, United States",https://www.ebay.com/itm/373661270561?_trkparms=5373%3A5000006400%7C5374%3ATech%7C5079%3A5000006417,0.0
2025-11-01T17:52:38,"HP OfficeJet Pro 9125e AIO Printer 2.7” Color Touchscreen Print, Scan, Copy, Fax",159.99,409.99,Shipping info unavailable,https://www.ebay.com/itm/376283831429?_trkparms=5373%3A5000006400%7C5374%3ATech%7C5079%3A5000006417,60.98
2025-11-01T17:52:38,Canon imagePROGRAF Professional PRO 310 Black Wireless Inkjet Photo Printer,971.0,1099.0,Shipping info unavailable,https://www.ebay.com/itm/297147074911?_trkparms=5373%3A5000006400%7C5374%3ATech%7C5079%3A5000006417,11.65
2025-11-01T17:52:38,Canon Maxify GX4020 Wireless Versatile MegaTank Compact All In One Color Printer,539.0,539.0,Shipping info unavailable,https://www.ebay.com/itm/285917002255?_trkparms=5373%3A5000006400%7C5374%3ATech%7C5079%3A5000006417,0.0
2025-11-01T17:52:38,"REDTIGER Dash Camera 4K Front and Rear Dash Cam Built-In WiFi & GPS, App control",64.49,129.49,Free eBay Standard.  Located in: United States,https://www.ebay.com/itm/285933024479?_trkparms=5373%3A5000006400%7C5374%3ATech%7C5079%3A5000006432,50.2
2025-11-01T17:52:38,X7 HD 24V 12V Diesel Heavy Duty Truck Scanner E-CU Coding All System DPF Regen,674.99,899.99,"Free Standard Shipping.  Located in: Walton, Kentucky, United States",https://www.ebay.com/itm/154567834067?_trkparms=5373%3A5000006400%7C5374%3ATech%7C5079%3A5000006432,25.0
2025-11-01T17:52:38,REDTIGER 4K Dash Cam Front and Rear Dual Dash Camera WIFI&GPS With 32GB SD Card,64.49,129.49,Free eBay Standard.  Located in: United States,https://www.ebay.com/itm/285048811560?_trkparms=5373%3A5000006400%7C5374%3ATech%7C5079%3A5000006432,50.2
2025-11-01T17:52:38,2025 Thinkscan Plus S7 Car OBD2 Scanner Auto Diagnostic Tool ABS SRS BCM IC AC,119.99,189.99,Free eBay Standard.  Located in: United States,https://www.ebay.com/itm/394131576153?_trkparms=5373%3A5000006400%7C5374%3ATech%7C5079%3A5000006432,36.84
2025-11-01T17:52:38,Canon EF 200mm f2.8 L II USM Lens #Q,400.7,430.86,Shipping info unavailable,https://www.ebay.com/itm/146853896899?_trkparms=5373%3A5000006400%7C5374%3ATech%7C5079%3A5000006425,7.0
2025-11-01T17:52:38,Sigma 24-70MM F2.8 DG DN II ART Lens Sony E Mount Bundle with SanDisk 64GB SD,1249.99,1299.99,Shipping info unavailable,https://www.ebay.com/itm/375511057573?_trkparms=5373%3A5000006400%7C5374%3ATech%7C5079%3A5000006425,3.85
2025-11-01T17:52:38,Sigma MC-11 Lens Mount Converter (Sigma SA/EOS to Sony E-Mount),178.61,510.95,Shipping info unavailable,https://www.ebay.com/itm/286197283832?_trkparms=5373%3A5000006400%7C5374%3ATech%7C5079%3A5000006425,65.04
2025-11-01T17:52:38,Canon RF 75-300mm f/4-5.6 Compact Telephoto Zoom Lens for RF Mount,239.0,290.0,Shipping info unavailable,https://www.ebay.com/itm/376543088547?_trkparms=5373%3A5000006400%7C5374%3ATech%7C5079%3A5000006425,17.59
2025-11-01T17:52:38,ECO-WORTHY 2Pcs 14kWh 48V 280AH LiFePO4 Battery Vertical Standing Solar Backup,3999.99,3999.99,"Free 2-4 day delivery Get it between Tue, Nov 4 and Thu, Nov 6 to 94112.  Located in: Los Angeles, California, United States",https://www.ebay.com/itm/396907709023?_trkparms=5373%3A5000006400%7C5374%3ATech%7C5079%3A5000006413,0.0
2025-11-01T17:52:38,Reolink 5MP 16 Channel 4TB NVR Kit Outdoor PoE DIY CCTV Security Camera System,535.0,535.0,"Free Standard Shipping.  Located in: Houston, Texas, United States",https://www.ebay.com/itm/134064490040?_trkparms=5373%3A5000006400%7C5374%3ATech%7C5079%3A5000006413,0.0
2025-11-01T17:52:38,ECO-WORTHY 14kWh 48V 280AH LiFePO4 Battery Vertical Standing Solar Backup 1pack,2199.99,2199.99,"Free Standard Shipping.  Located in: Los Angeles, California, United States",https://www.ebay.com/itm/396907705926?_trkparms=5373%3A5000006400%7C5374%3ATech%7C5079%3A5000006413,0.0
2025-11-01T17:52:38,"REDTIGER Dash Camera 4K Front and Rear Dash Cam Built-In WiFi & GPS, App control",64.49,129.49,Free eBay Standard.  Located in: United States,https://www.ebay.com/itm/285933024479?_trkparms=5373%3A5000006400%7C5374%3ATech%7C5079%3A5000006413,50.2
2025-11-01T17:52:38,Vera Bradley Outlet Large Tech Sleeve,23.7,59.0,Shipping info unavailable,https://www.ebay.com/itm/365926632547?_trkparms=5373%3A5000006400%7C5374%3ATech%7C5079%3A5000006427,59.83
2025-11-01T17:52:38,Vera Bradley Outlet Essential Cord Organizer,19.5,45.0,Shipping info unavailable,https://www.ebay.com/itm/365926632765?_trkparms=5373%3A5000006400%7C5374%3ATech%7C5079%3A5000006427,56.67
2025-11-01T17:52:38,Vera Bradley Women's Outlet Ultralight Essential Cord Organizer NWT,23.7,59.0,Shipping info unavailable,https://www.ebay.com/itm/365930191727?_trkparms=5373%3A5000006400%7C5374%3ATech%7C5079%3A5000006427,59.83
2025-11-01T17:52:38,Vera Bradley Women's Outlet Ultralight Laptop Workstation Crossbody Bag NWT,41.7,119.0,Shipping info unavailable,https://www.ebay.com/itm/365930191290?_trkparms=5373%3A5000006400%7C5374%3ATech%7C5079%3A5000006427,64.96
2025-11-01T17:52:38,Apple iPhone 14 Pro A2650 (Fully Unlocked) 128GB Deep Purple (Excellent),405.99,1099.0,Shipping info unavailable,https://www.ebay.com/itm/286883274280?_trkparms=5373%3A5000006400%7C5374%3ATech%7C5079%3A5000006411,63.06
2025-11-01T17:52:38,Sony WF-1000XM5 Truly Wireless Bluetooth Noise Canceling Headphones - Black,139.99,299.99,Shipping info unavailable,https://www.ebay.com/itm/276015021037?_trkparms=5373%3A5000006400%7C5374%3ATech%7C5079%3A5000006411,53.34
2025-11-01T17:52:38,Skullcandy Push Active True Wireless Earbuds-Black/Orange(Certified Refurbished),30.99,79.99,Shipping info unavailable,https://www.ebay.com/itm/265551837873?_trkparms=5373%3A5000006400%7C5374%3ATech%7C5079%3A5000006411,61.26
2025-11-01T17:52:38,Apple AirPods 2nd Gen Genuine Replacement Right or Left or Charging Case,15.49,15.49,"Free USPS First Class®.  Located in: Glenshaw, Pennsylvania, United States",https://www.ebay.com/itm/115878536964?_trkparms=5373%3A5000006400%7C5374%3ATech%7C5079%3A5000006411,0.0
2025-11-01T17:52:38,"Refurbished HUION Kamvas 13 (Gen 3) 13.3"" Graphic Tablet Pen Display PenTech4.0",189.0,189.0,"Free Standard Shipping.  Located in: Brooklyn, New York, United States",https://www.ebay.com/itm/335778622198?_trkparms=5373%3A5000006400%7C5374%3ATech%7C5079%3A5000006405,0.0
2025-11-01T17:52:38,Huion KAMVAS 22 Graphics Drawing Tablet with Screen OTG Certified Refurbished,298.9,449.0,Shipping info unavailable,https://www.ebay.com/itm/234028480288?_trkparms=5373%3A5000006400%7C5374%3ATech%7C5079%3A5000006405,33.43
2025-11-01T17:52:38,Refurbished HUION KAMVAS PRO 16 Graphic Drawing Monitor Pen Display+Touch Bar,234.5,379.0,"Free Standard Shipping.  Located in: Brooklyn, New York, United States",https://www.ebay.com/itm/336080166779?_trkparms=5373%3A5000006400%7C5374%3ATech%7C5079%3A5000006405,38.13
2025-11-01T17:52:38,XP-Pen Artist 24 Pro Gen2 4K Graphics Drawing Tablet Full Lamination 16384 △E ＜1,883.99,1299.99,"Free 2-4 day delivery Get it between Tue, Nov 4 and Thu, Nov 6 to 94112.  Located in: Chino Hills, California, United States",https://www.ebay.com/itm/396360742557?_trkparms=5373%3A5000006400%7C5374%3ATech%7C5079%3A5000006405,32.0
